Top pages,Clicks,Impressions,CTR,Position
https://casaebottegapuglia.it/blog-articolo-14,12,185,6.49%,6.23
https://casaebottegapuglia.it/,8,1138,0.7%,6.12
https://casaebottegapuglia.it/en/blog/spiagge-gargano-manfredonia-vieste/,5,283,1.77%,11.63
https://casaebottegapuglia.it/blog-articolo-6,5,181,2.76%,8.82
https://casaebottegapuglia.it/en/blog/muoversi-nel-gargano/,5,111,4.5%,6.53
https://casaebottegapuglia.it/en/blog/locali-gargano/,4,172,2.33%,15.51
https://casaebottegapuglia.it/blog/muoversi-nel-gargano/,4,84,4.76%,7.64
https://casaebottegapuglia.it/blog-articolo?slug=cosa-si-mangia-manfredonia,4,75,5.33%,7.12
https://casaebottegapuglia.it/blog/spiagge-gargano-manfredonia-vieste/,3,468,0.64%,10.72
https://casaebottegapuglia.it/blog/isole-tremiti/,3,208,1.44%,12.9
https://casaebottegapuglia.it/blog-articolo-5,3,149,2.01%,7.81
https://casaebottegapuglia.it/blog/bagno-gargano-maggio-giugno/,3,136,2.21%,6.3
https://casaebottegapuglia.it/blog/scogliere-calette-gargano/,2,116,1.72%,7.27
https://casaebottegapuglia.it/blog/locali-gargano/,2,80,2.5%,18.1
https://casaebottegapuglia.it/en/contatti,2,52,3.85%,9.63
https://casaebottegapuglia.it/blog-articolo?slug=settimana-nel-gargano,2,17,11.76%,15.65
https://casaebottegapuglia.it/es/index.html,1,85,1.18%,38.82
https://casaebottegapuglia.it/blog-articolo-11,1,71,1.41%,12
https://casaebottegapuglia.it/blog-articolo-12,1,68,1.47%,8.63
https://casaebottegapuglia.it/blog-articolo-3,1,59,1.69%,12.78
https://casaebottegapuglia.it/en/blog/vino-gargano-nero-troia/,1,35,2.86%,10.29
https://casaebottegapuglia.it/blog-articolo?slug=scogliere-gargano,1,34,2.94%,7.82
https://casaebottegapuglia.it/blog-articolo?slug=cosa-si-mangia-manfredonia&lang=nl,1,32,3.12%,7.25
https://casaebottegapuglia.it/de/blog/locali-gargano/,1,28,3.57%,6.14
https://casaebottegapuglia.it/en/index.html,1,25,4%,10.88
https://casaebottegapuglia.it/en/blog-articolo-2.html,1,19,5.26%,7.32
https://casaebottegapuglia.it/en/blog/dove-mangiano-i-locali-manfredonia/,1,16,6.25%,10.12
https://casaebottegapuglia.it/de/blog/settimana-nel-gargano/,1,14,7.14%,14.5
https://casaebottegapuglia.it/fr/blog/locali-gargano/,1,11,9.09%,7
https://casaebottegapuglia.it/en/blog-articolo-11.html,1,6,16.67%,8.67
https://casaebottegapuglia.it/contatti,1,4,25%,2.75
https://casaebottegapuglia.it/es/blog/cosa-mangiare-manfredonia/,1,4,25%,7.5
https://casaebottegapuglia.it/nl/blog-articolo-14.html,1,3,33.33%,9
https://casaebottegapuglia.it/en/blog-articolo-4,0,288,0%,7.94
https://casaebottegapuglia.it/blog/mattinata-borgo-bianco/,0,195,0%,12.78
https://casaebottegapuglia.it/blog-articolo-16,0,108,0%,11.86
https://casaebottegapuglia.it/en/blog-articolo-1.html,0,85,0%,17.51
https://casaebottegapuglia.it/blog/cosa-fare-manfredonia/,0,85,0%,29.41
https://casaebottegapuglia.it/en/blog/bagno-gargano-maggio-giugno/,0,82,0%,9.3
https://casaebottegapuglia.it/blog/basilica-siponto-tresoldi/,0,66,0%,13.53
https://casaebottegapuglia.it/en/blog/mattinata-borgo-bianco/,0,62,0%,12.47
https://casaebottegapuglia.it/en/blog-articolo-8.html,0,52,0%,8.48
https://casaebottegapuglia.it/de/,0,50,0%,15.08
https://casaebottegapuglia.it/en/,0,46,0%,12.57
https://casaebottegapuglia.it/prenota,0,45,0%,8.98
https://casaebottegapuglia.it/nl/blog/vieste-borgo-sul-mare/,0,44,0%,9.52
https://casaebottegapuglia.it/de/index.html,0,42,0%,17.26
https://casaebottegapuglia.it/blog-articolo-4,0,39,0%,9.97
https://casaebottegapuglia.it/fr/index.html,0,35,0%,15.4
https://casaebottegapuglia.it/blog/dove-mangiano-i-locali-manfredonia/,0,28,0%,17.21
https://casaebottegapuglia.it/nl/blog-articolo-3.html,0,27,0%,7.56
https://casaebottegapuglia.it/nl/index.html,0,27,0%,22.11
https://casaebottegapuglia.it/blog/manfredonia-lenta/,0,25,0%,10.68
https://casaebottegapuglia.it/en/prenota,0,24,0%,9.29
https://casaebottegapuglia.it/blog-articolo?slug=cinque-cose-manfredonia,0,22,0%,16.18
https://casaebottegapuglia.it/en/blog.html,0,17,0%,7.47
https://casaebottegapuglia.it/blog-articolo?slug=vieste-borgo-sul-mare&lang=nl,0,15,0%,5.47
https://casaebottegapuglia.it/de/blog/vieste-borgo-sul-mare/,0,15,0%,9.2
https://casaebottegapuglia.it/blog/vino-gargano-nero-troia/,0,12,0%,8.67
https://casaebottegapuglia.it/en/blog/settimana-santa-manfredonia/,0,12,0%,12.08
https://casaebottegapuglia.it/en/blog/basilica-siponto-tresoldi/,0,11,0%,11.18
https://casaebottegapuglia.it/de/contatti.html,0,10,0%,4.7
https://casaebottegapuglia.it/de/blog-articolo-1,0,10,0%,6.8
https://casaebottegapuglia.it/blog-articolo?slug=manfredonia-lenta,0,10,0%,7.2
https://casaebottegapuglia.it/es/prenota?open=1,0,10,0%,7.2
https://casaebottegapuglia.it/blog/settimana-santa-manfredonia/,0,10,0%,8.4
https://casaebottegapuglia.it/fr/,0,10,0%,10.3
https://casaebottegapuglia.it/blog-articolo-10,0,10,0%,10.4
https://casaebottegapuglia.it/es/,0,10,0%,13.4
https://casaebottegapuglia.it/blog-articolo-7,0,9,0%,8.44
https://casaebottegapuglia.it/fr/contatti.html,0,8,0%,6.25
https://casaebottegapuglia.it/blog-articolo-8,0,8,0%,8
https://casaebottegapuglia.it/de/blog.html,0,8,0%,8.62
https://casaebottegapuglia.it/blog-articolo-1,0,8,0%,9
https://casaebottegapuglia.it/fr/blog.html,0,8,0%,10.5
https://casaebottegapuglia.it/blog-articolo?slug=siponto-arte-contemporanea,0,7,0%,9.29
https://casaebottegapuglia.it/de/blog,0,7,0%,9.57
https://casaebottegapuglia.it/es/blog,0,7,0%,17.29
https://casaebottegapuglia.it/nl/,0,5,0%,4.4
https://casaebottegapuglia.it/es/contatti.html,0,5,0%,6.8
https://casaebottegapuglia.it/es/prenota,0,5,0%,8.4
https://casaebottegapuglia.it/en/blog,0,5,0%,11.4
https://casaebottegapuglia.it/blog-articolo-13,0,4,0%,7
https://casaebottegapuglia.it/en/blog/giro-in-barca-gargano/,0,4,0%,7.75
https://casaebottegapuglia.it/blog-articolo?slug=cinque-cose-manfredonia&lang=de,0,4,0%,8.5
https://casaebottegapuglia.it/en/camere.html,0,3,0%,4
https://casaebottegapuglia.it/en/blog/manfredonia-lenta/,0,3,0%,7
https://casaebottegapuglia.it/blog-articolo?slug=gargano-fuori-stagione,0,3,0%,7.33
https://casaebottegapuglia.it/blog-articolo?slug=vieste-borgo-sul-mare&lang=es,0,3,0%,7.33
https://casaebottegapuglia.it/de/blog-articolo-11,0,3,0%,12
https://casaebottegapuglia.it/es/blog-articolo-8.html,0,2,0%,4
https://casaebottegapuglia.it/fr/prenota,0,2,0%,4.5
https://casaebottegapuglia.it/blog-articolo?slug=monte-santangelo,0,2,0%,5.5
https://casaebottegapuglia.it/nl/prenota,0,2,0%,6
https://casaebottegapuglia.it/en/contatti.html,0,2,0%,8.5
https://casaebottegapuglia.it/foto-zona/Manfredonia.jpeg,0,2,0%,9
https://casaebottegapuglia.it/nl/blog.html,0,2,0%,10
https://casaebottegapuglia.it/en/blog-articolo-13.html,0,2,0%,12
https://casaebottegapuglia.it/es/camere.html,0,1,0%,6
https://casaebottegapuglia.it/en/blog/peschici-borgo-sul-mare/,0,1,0%,8
https://casaebottegapuglia.it/fr/blog,0,1,0%,8
https://casaebottegapuglia.it/blog-articolo-2,0,1,0%,10
https://casaebottegapuglia.it/camere,0,1,0%,10